{"cameraMode":{"drawMode":0,"name":"Shaded","section":"Shading Mode"},"sceneLighting":true,"audioPlay":false,"sceneViewState":{"showFog":true,"showMaterialUpdate":false,"showSkybox":true,"showFlares":true,"showImageEffects":true,"showParticleSystems":true},"in2DMode":false,"pivot":{"x":-18.86658477783203,"y":6.528133392333984,"z":-19.689659118652345},"rotation":{"x":-0.04742475599050522,"y":-0.18823081254959107,"z":0.00910096988081932,"w":-0.9809264540672302},"size":0.5044230222702026,"orthographic":false}